ID,Name,NetID,Email Address,Section
1234567,"Barrera Jr., Woody",WXB12345,WOODY.BARRERA_JR@UNIV.EDU,1
2345678,"Lambert, Malaika",MXL12345,MALAIKA.LAMBERT@UNIV.EDU,2
3456789,"Joyce, Traci",TXJ12345,TRACI.JOYCE@UNIV.EDU,1
4567890,"Flower, John Gregg",JGF12345,JOHN.G.2.FLOWER@UNIV.EDU,3
8406082,"Johnson, Stacy Michael",SMJ00936,STACY.JOHNSON@UNIV.EDU,2
2546149,"Saunders, Richard",RXS30280,RICHARD.SAUNDERS@UNIV.EDU,1
6426067,"Anderson, Daisy Michael",DMA58910,DAISY.ANDERSON@UNIV.EDU,2
5622557,"Watson, Holly Samuel",HSW06874,HOLLY.WATSON@UNIV.EDU,2
2916149,"Reilly, Brandy Kevin",BKR19538,BRANDY.REILLY@UNIV.EDU,2
2218112,"Carter, Lorraine",LXC64780,LORRAINE.CARTER@UNIV.EDU,2
6097881,"Price, Ricardo",RXP56459,RICARDO.PRICE@UNIV.EDU,3
2968584,"Douglas, Robert",RXD29805,ROBERT.DOUGLAS@UNIV.EDU,2
6972487,"White, Amy Leslie",ALW07647,AMY.WHITE@UNIV.EDU,3
2886234,"Houston, Emily Donna",EDH14938,EMILY.HOUSTON@UNIV.EDU,1
5704583,"Bennett, Richard Jamie",RJB91830,RICHARD.BENNETT@UNIV.EDU,1
1905666,"Simpson, Felicia",FXS77894,FELICIA.SIMPSON@UNIV.EDU,3
4412160,"Powers, Brooke David",BDP78944,BROOKE.POWERS@UNIV.EDU,1
8794639,"Miller, Stephen Elizabeth",SEM28474,STEPHEN.MILLER@UNIV.EDU,2
8164846,"Graham, Benjamin James",BJG14618,BENJAMIN.GRAHAM@UNIV.EDU,2
1590887,"Glover, Heidi",HXG56446,HEIDI.GLOVER@UNIV.EDU,2
1454597,"Rogers, Sherry Benjamin",SBR74322,SHERRY.ROGERS@UNIV.EDU,2
6984374,"Roberts, Steven Katherine",SKR62062,STEVEN.ROBERTS@UNIV.EDU,2
9248728,"Young, Joseph Teresa",JTY40106,JOSEPH.YOUNG@UNIV.EDU,1
2332731,"Guzman, Cynthia",CXG21963,CYNTHIA.GUZMAN@UNIV.EDU,1
6611132,"Delgado, Desiree Jennifer",DJD31335,DESIREE.DELGADO@UNIV.EDU,2
5505240,"Warren, Tamara Shawn",TSW14969,TAMARA.WARREN@UNIV.EDU,1
8776566,"Harris, John Lisa",JLH15029,JOHN.HARRIS@UNIV.EDU,1
5780203,"Good, Sherry Mark",SMG03171,SHERRY.GOOD@UNIV.EDU,2
7521527,"Brown, Kelsey Steven",KSB85997,KELSEY.BROWN@UNIV.EDU,2
7474490,"Daniel, William Austin",WAD63934,WILLIAM.DANIEL@UNIV.EDU,2
9650939,"Lopez, Mark Steven",MSL77920,MARK.LOPEZ@UNIV.EDU,1
1735079,"Hernandez, Taylor Harold",THH29195,TAYLOR.HERNANDEZ@UNIV.EDU,1
6278235,"Miller, Jorge",JXM83777,JORGE.MILLER@UNIV.EDU,1
5665427,"Terry, Thomas",TXT65366,THOMAS.TERRY@UNIV.EDU,1
3830106,"Smith, Crystal Jason",CJS43553,CRYSTAL.SMITH@UNIV.EDU,3
9204701,"Cooper, Adam Melvin",AMC28428,ADAM.COOPER@UNIV.EDU,2
9365638,"Brock, Lauren Mark",LMB95641,LAUREN.BROCK@UNIV.EDU,2
3711195,"Ramirez, Timothy",TXR84689,TIMOTHY.RAMIREZ@UNIV.EDU,3
6847480,"Smith, Andrea Erica",AES07091,ANDREA.SMITH@UNIV.EDU,2
9326195,"Rodriguez, John Sandra",JSR21334,JOHN.RODRIGUEZ@UNIV.EDU,3
2260221,"Miller, Anthony",AXM26865,ANTHONY.MILLER@UNIV.EDU,3
9006764,"Garcia, Desiree Stephanie",DSG54218,DESIREE.GARCIA@UNIV.EDU,2
7485180,"Martin, Ashley Sara",ASM59771,ASHLEY.MARTIN@UNIV.EDU,2
3454432,"Dennis, Cameron",CXD92501,CAMERON.DENNIS@UNIV.EDU,1
1866225,"Faulkner, Katelyn",KXF45205,KATELYN.FAULKNER@UNIV.EDU,1
1067615,"Anderson, Lauren Billy",LBA53221,LAUREN.ANDERSON@UNIV.EDU,2
4133244,"Williams, Kimberly",KXW26270,KIMBERLY.WILLIAMS@UNIV.EDU,2
9496845,"Thomas, Brandon",BXT62105,BRANDON.THOMAS@UNIV.EDU,3
3932938,"Daniels, Amber",AXD11293,AMBER.DANIELS@UNIV.EDU,2
1397380,"Reid, Laura Clarence",LCR30757,LAURA.REID@UNIV.EDU,3
8605280,"Woodard, John",JXW87000,JOHN.WOODARD@UNIV.EDU,2
7046482,"Schwartz, Billy",BXS54690,BILLY.SCHWARTZ@UNIV.EDU,1
6503525,"Clark, Jill Gregg",JGC21028,JILL.CLARK@UNIV.EDU,3
5630129,"Friedman, Linda Lance",LLF55044,LINDA.FRIEDMAN@UNIV.EDU,3
7482388,"Beck, David John",DJB29817,DAVID.BECK@UNIV.EDU,1
4570025,"Curry, Alec",AXC64717,ALEC.CURRY@UNIV.EDU,2
7250041,"Bailey, Belinda Michael",BMB94857,BELINDA.BAILEY@UNIV.EDU,3
4325951,"Edwards, Timothy Caroline",TCE09928,TIMOTHY.EDWARDS@UNIV.EDU,2
8037797,"Webb, Heather",HXW92728,HEATHER.WEBB@UNIV.EDU,3
1829060,"Greer, April Blake",ABG77872,APRIL.GREER@UNIV.EDU,3
9707878,"Marshall, Shawn Grace",SGM04582,SHAWN.MARSHALL@UNIV.EDU,1
7369942,"Sanders, Beth Melissa",BMS82804,BETH.SANDERS@UNIV.EDU,1
8902246,"James, Margaret Juan",MJJ83180,MARGARET.JAMES@UNIV.EDU,2
8373362,"Jones, Michele",MXJ54725,MICHELE.JONES@UNIV.EDU,1
3949000,"Nguyen, Cindy",CXN83965,CINDY.NGUYEN@UNIV.EDU,2
5893837,"Watkins, Carol",CXW68726,CAROL.WATKINS@UNIV.EDU,2
7187270,"Walsh, Jill",JXW98212,JILL.WALSH@UNIV.EDU,1
1994210,"Pena, Jonathan Michael",JMP63760,JONATHAN.PENA@UNIV.EDU,1
9107140,"Weber, Samuel",SXW76890,SAMUEL.WEBER@UNIV.EDU,1
3769525,"Sparks, Leslie",LXS77616,LESLIE.SPARKS@UNIV.EDU,2
2574682,"Foster, Ashlee",AXF16145,ASHLEE.FOSTER@UNIV.EDU,3
7831187,"Flores, Brandon Chad",BCF26283,BRANDON.FLORES@UNIV.EDU,2
6409860,"Elliott, Richard Gwendolyn",RGE65208,RICHARD.ELLIOTT@UNIV.EDU,1
7256989,"Payne, Douglas",DXP49123,DOUGLAS.PAYNE@UNIV.EDU,1
9177842,"Leon, Tammy Gregory",TGL37922,TAMMY.LEON@UNIV.EDU,3
3049287,"Reyes, Carol",CXR98775,CAROL.REYES@UNIV.EDU,3
7331066,"Terry, Amy Justin",AJT73762,AMY.TERRY@UNIV.EDU,3
5400422,"King, Paige Mary",PMK49230,PAIGE.KING@UNIV.EDU,1
4912187,"Vasquez, Sara",SXV18182,SARA.VASQUEZ@UNIV.EDU,1
1142484,"Davidson, Luke",LXD16906,LUKE.DAVIDSON@UNIV.EDU,3
1283046,"Rice, Rhonda Kyle",RKR43763,RHONDA.RICE@UNIV.EDU,1
2489309,"Miranda, Brett",BXM17365,BRETT.MIRANDA@UNIV.EDU,3
8441601,"Dennis, Rachel",RXD55884,RACHEL.DENNIS@UNIV.EDU,3
2570154,"Petersen, Kristin Sarah",KSP17362,KRISTIN.PETERSEN@UNIV.EDU,1
2213589,"Washington, Travis",TXW75701,TRAVIS.WASHINGTON@UNIV.EDU,1
9184901,"Johnston, Robert Stephanie",RSJ94156,ROBERT.JOHNSTON@UNIV.EDU,3
2469694,"Benton, Michael",MXB67936,MICHAEL.BENTON@UNIV.EDU,3
7566895,"Johnson, Jamie",JXJ82678,JAMIE.JOHNSON@UNIV.EDU,2
3215879,"Sampson, Stephanie",SXS30610,STEPHANIE.SAMPSON@UNIV.EDU,3
4167411,"Myers, Brian Gary",BGM86325,BRIAN.MYERS@UNIV.EDU,2
6506766,"Raymond, Troy Bryan",TBR17292,TROY.RAYMOND@UNIV.EDU,3
1830837,"Gordon, Lori",LXG35058,LORI.GORDON@UNIV.EDU,2
3137156,"Rush, Oscar",OXR30270,OSCAR.RUSH@UNIV.EDU,2
6637567,"Holt, Crystal Heather",CHH70562,CRYSTAL.HOLT@UNIV.EDU,2
8190682,"Thomas, Sandra",SXT33634,SANDRA.THOMAS@UNIV.EDU,1
8879507,"Bates, Nathan Stephanie",NSB43944,NATHAN.BATES@UNIV.EDU,3
9058767,"Campbell, Charles",CXC08121,CHARLES.CAMPBELL@UNIV.EDU,2
6035936,"Boyd, Victoria Kimberly",VKB66346,VICTORIA.BOYD@UNIV.EDU,2
3091027,"Parker, Timothy",TXP55047,TIMOTHY.PARKER@UNIV.EDU,1
7240958,"Cervantes, Scott",SXC85021,SCOTT.CERVANTES@UNIV.EDU,3
8014272,"Scott, Michelle",MXS33225,MICHELLE.SCOTT@UNIV.EDU,2
1837857,"Bauer, John",JXB40799,JOHN.BAUER@UNIV.EDU,1
4682582,"Ortega, Tiffany Maria",TMO55387,TIFFANY.ORTEGA@UNIV.EDU,1
1061475,"Rhodes, Kimberly Peter",KPR82051,KIMBERLY.RHODES@UNIV.EDU,3
2003671,"Patrick, Mark Jennifer",MJP68159,MARK.PATRICK@UNIV.EDU,1
1983467,"Moore, Kimberly Andrea",KAM90876,KIMBERLY.MOORE@UNIV.EDU,1
4288557,"Jones, Daniel Carolyn",DCJ14616,DANIEL.JONES@UNIV.EDU,1
6600559,"Adams, Amy Robert",ARA97741,AMY.ADAMS@UNIV.EDU,1
4587323,"Jones, Sarah",SXJ49423,SARAH.JONES@UNIV.EDU,3
8065342,"Garza, Jessica Allison",JAG55224,JESSICA.GARZA@UNIV.EDU,1
5824785,"Dudley, Emily Emily",EED42850,EMILY.DUDLEY@UNIV.EDU,1
6427493,"Hart, Colleen",CXH80084,COLLEEN.HART@UNIV.EDU,1
1791350,"Rodriguez, Alexander Katelyn",AKR14831,ALEXANDER.RODRIGUEZ@UNIV.EDU,2
4477527,"Smith, Samantha",SXS90647,SAMANTHA.SMITH@UNIV.EDU,2
7308367,"Lester, Aaron",AXL60952,AARON.LESTER@UNIV.EDU,2
2858583,"Mccall, Kimberly",KXM62826,KIMBERLY.MCCALL@UNIV.EDU,3
3792268,"Baldwin, Lucas",LXB98047,LUCAS.BALDWIN@UNIV.EDU,1
3330029,"Reyes, Jason",JXR10806,JASON.REYES@UNIV.EDU,3
7761687,"Lee, Michelle",MXL67812,MICHELLE.LEE@UNIV.EDU,1
5461012,"Duffy, Erin",EXD72538,ERIN.DUFFY@UNIV.EDU,1
3774708,"Johnson, Dylan",DXJ78877,DYLAN.JOHNSON@UNIV.EDU,3
2575196,"Odom, John",JXO31236,JOHN.ODOM@UNIV.EDU,2
7782005,"Smith, Matthew",MXS33416,MATTHEW.SMITH@UNIV.EDU,1
3419285,"Foster, Tommy",TXF41578,TOMMY.FOSTER@UNIV.EDU,1
1441344,"Bryan, Bradley",BXB28023,BRADLEY.BRYAN@UNIV.EDU,3
4463768,"Underwood, James",JXU45537,JAMES.UNDERWOOD@UNIV.EDU,1
9227999,"Smith, Kerry",KXS29884,KERRY.SMITH@UNIV.EDU,1
7014488,"Hunt, Brett Caroline",BCH39598,BRETT.HUNT@UNIV.EDU,1
7378241,"Patterson, Nicole Jennifer",NJP08545,NICOLE.PATTERSON@UNIV.EDU,3
9006041,"Evans, Patricia",PXE53402,PATRICIA.EVANS@UNIV.EDU,3
9103057,"Flores, Russell Chad",RCF61653,RUSSELL.FLORES@UNIV.EDU,2
1348888,"Taylor, Michael Ashley",MAT59156,MICHAEL.TAYLOR@UNIV.EDU,2
8966419,"Warren, Angela",AXW80146,ANGELA.WARREN@UNIV.EDU,1
9975979,"Perez, Jeffrey",JXP06435,JEFFREY.PEREZ@UNIV.EDU,3
4762255,"Wolf, Courtney",CXW91147,COURTNEY.WOLF@UNIV.EDU,2
7648182,"Dunn, Amy",AXD67070,AMY.DUNN@UNIV.EDU,3
3042477,"Poole, Melissa",MXP86000,MELISSA.POOLE@UNIV.EDU,3
6253243,"Dunlap, Angela",AXD31221,ANGELA.DUNLAP@UNIV.EDU,2
7543126,"Wilkerson, Levi Kayla",LKW48972,LEVI.WILKERSON@UNIV.EDU,3
1289689,"Gonzalez, Matthew Justin",MJG41514,MATTHEW.GONZALEZ@UNIV.EDU,1
8786799,"Nguyen, Donna",DXN21936,DONNA.NGUYEN@UNIV.EDU,1
6936009,"Stevens, Marcia",MXS29840,MARCIA.STEVENS@UNIV.EDU,2
2685279,"Allen, Christina",CXA22039,CHRISTINA.ALLEN@UNIV.EDU,1
3795891,"Mann, Nicole",NXM87406,NICOLE.MANN@UNIV.EDU,1
9756042,"Johnson, Tara",TXJ17476,TARA.JOHNSON@UNIV.EDU,2
5227994,"Johnson, Paul Mark",PMJ37756,PAUL.JOHNSON@UNIV.EDU,3
9804556,"Lee, Danielle Stephanie",DSL24347,DANIELLE.LEE@UNIV.EDU,3
1783442,"Edwards, Nicole",NXE44872,NICOLE.EDWARDS@UNIV.EDU,3
6345758,"Reyes, Bailey",BXR62103,BAILEY.REYES@UNIV.EDU,2
5566719,"Walls, Joyce",JXW53347,JOYCE.WALLS@UNIV.EDU,1
