company,slogan
Kuvalis-Nolan,revolutionize next-generation metrics
Dietrich-Champlin,envisioneer bleeding-edge functionalities
West Inc,mesh user-centric infomediaries
Wehner LLC,utilize sticky infomediaries
Langworth Inc,reinvent magnetic networks
Weissnat-Skiles,seize innovative architectures
Koepp-Skiles,synergize rich deliverables
Maggio LLC,target secret niches
Kirlin Group,transform end-to-end models
Ernser LLC,syndicate killer synergies
Breitenberg and Sons,facilitate integrated eyeballs
Cole and Sons,productize revolutionary relationships
Bauch and Sons,implement revolutionary models
Boyer Group,leverage visionary e-markets
Walter Group,repurpose 24/7 metrics
"Stiedemann, Bradtke and Nienow",reinvent virtual infrastructures
Grady Group,enhance collaborative niches
Lakin and Sons,scale open-source architectures
Bauch-Schamberger,harness web-enabled partnerships
Deckow and Sons,cultivate visionary synergies
"Mosciski, Lockman and Botsford",productize B2C paradigms
Hauck LLC,e-enable efficient initiatives
Murray Inc,reinvent scalable systems
"Bosco, Schinner and O'Reilly",target customized partnerships
"Donnelly, Cremin and Mueller",morph open-source relationships
"Stroman, Paucek and Christiansen",facilitate enterprise infrastructures
Barton Group,generate frictionless applications
Donnelly Group,extend synergistic vortals
Koss LLC,productize efficient mindshare
Schmitt Inc,matrix frictionless applications
"Turcotte, Price and Jast",incentivize transparent relationships
"Fadel, Nitzsche and Homenick",facilitate bricks-and-clicks technologies
Smitham-Kreiger,syndicate B2C convergence
Rempel-Sauer,aggregate seamless methodologies
Hills LLC,extend 24/365 infomediaries
"Bins, Gaylord and O'Kon",monetize vertical markets
"Fisher, Torphy and Bernhard",drive mission-critical models
"Collier, Kreiger and Bednar",enhance cross-media e-tailers
"Donnelly, Stehr and Christiansen",expedite frictionless e-services
Larson and Sons,mesh world-class web-readiness
"Stark, Smitham and Morissette",transform world-class content
Bernhard LLC,incentivize e-business supply-chains
"Schroeder, Crona and Daugherty",extend cross-platform ROI
Gulgowski-Fritsch,transition collaborative paradigms
Bartell Inc,optimize B2C mindshare
Buckridge-Parisian,revolutionize next-generation infrastructures
Murazik Inc,morph cutting-edge users
Bogan-Lynch,extend magnetic supply-chains
Hackett Group,utilize web-enabled synergies
Dickens Group,orchestrate distributed relationships
Nikolaus-White,scale seamless e-commerce
Stoltenberg Group,generate world-class applications
"Halvorson, Friesen and Mohr",transform compelling vortals
Dooley Group,mesh e-business methodologies
Muller-Dibbert,matrix cross-platform schemas
Miller Group,streamline collaborative content
Spinka Inc,matrix cross-media initiatives
"Mraz, O'Reilly and Metz",synthesize wireless networks
"Hoeger, Rath and Deckow",implement bricks-and-clicks niches
"Harvey, Hartmann and Towne",maximize mission-critical e-business
"Waters, Kunze and Wyman",whiteboard revolutionary web services
Bahringer-Donnelly,syndicate bleeding-edge e-business
Cummings-Greenfelder,embrace scalable e-services
"Gottlieb, Von and Christiansen",leverage 24/365 web-readiness
Huels-Quitzon,innovate cross-platform infrastructures
Fisher-Turcotte,envisioneer proactive convergence
"Durgan, Schultz and Kub",brand viral web-readiness
"Johnston, Bosco and Beatty",brand wireless web services
"Lindgren, Kuphal and MacGyver",leverage magnetic bandwidth
Mayer-Keeling,embrace B2B content
"Hoeger, Langosh and Volkman",reinvent frictionless experiences
Lindgren LLC,synthesize real-time ROI
"Bernier, Boyle and Lind",generate bricks-and-clicks partnerships
"Marvin, O'Keefe and Sauer",benchmark back-end e-services
"Ondricka, Krajcik and MacGyver",maximize impactful platforms
Stroman Group,mesh frictionless supply-chains
"Stracke, Corwin and Labadie",empower ubiquitous supply-chains
Carroll Inc,deploy dynamic systems
Gutmann LLC,integrate revolutionary solutions
Zemlak-Frami,synergize efficient infomediaries
"Hyatt, Emard and Feest",engage mission-critical systems
Carroll-Lueilwitz,maximize customized applications
Willms LLC,deliver B2C infomediaries
Baumbach LLC,matrix ubiquitous convergence
"Hessel, Metz and Gutkowski",matrix plug-and-play paradigms
Crooks and Sons,disintermediate collaborative schemas
Effertz Inc,disintermediate plug-and-play technologies
"Armstrong, Bernier and Emmerich",evolve integrated schemas
Runolfsdottir Inc,engage best-of-breed web services
Jacobs Inc,incubate killer niches
Steuber-Johnson,iterate seamless e-business
Breitenberg-Franecki,iterate cross-media applications
Franecki-Durgan,revolutionize end-to-end markets
Adams LLC,utilize visionary methodologies
King Inc,innovate cross-media e-markets
Pfeffer LLC,maximize B2C interfaces
"Schneider, Schmidt and O'Kon",architect end-to-end applications
"Gleichner, Zieme and Breitenberg",brand cutting-edge deliverables
"Wiza, Wiza and Wolf",reinvent plug-and-play initiatives
"Schamberger, Cronin and Schuppe",e-enable proactive vortals
Mitchell-Greenfelder,repurpose ubiquitous experiences
"Kautzer, Bergnaum and Spinka",transition distributed partnerships
Boyer-Mayert,extend interactive experiences
"Streich, Emmerich and Welch",harness next-generation e-tailers
"Lemke, Schamberger and Labadie",cultivate ubiquitous e-markets
Wisoky LLC,implement best-of-breed infrastructures
McKenzie-Rodriguez,orchestrate next-generation channels
"Mann, Kuvalis and Goldner",redefine strategic e-tailers
Kuhlman LLC,matrix collaborative synergies
Gleason-Walter,brand bricks-and-clicks vortals
"Bayer, Schroeder and Bechtelar",iterate scalable synergies
"Brown, Rohan and Friesen",engage e-business networks
Heidenreich Group,enable extensible infomediaries
"Shields, Lang and Schaden",reinvent frictionless ROI
Jacobson Group,utilize back-end vortals
"Kuhlman, Metz and Feeney",redefine best-of-breed vortals
"Prohaska, Hodkiewicz and Funk",implement transparent partnerships
Kub and Sons,brand secret methodologies
"Zieme, Mertz and Turner",implement impactful deliverables
"Pfeffer, Wunsch and Little",brand interactive metrics
Kuhlman-Schmidt,e-enable holistic infrastructures
"Rodriguez, Bogan and Rogahn",architect one-to-one infrastructures
"Larkin, Beahan and Jakubowski",reinvent robust communities
Effertz Group,deploy mission-critical e-tailers
Macejkovic-Wiegand,monetize e-business content
Bergstrom Inc,recontextualize extensible channels
"Lynch, Breitenberg and King",reintermediate e-business eyeballs
"Langworth, Streich and Batz",streamline granular users
Abernathy-Grimes,maximize user-centric deliverables
Zemlak Inc,engage robust e-markets
McGlynn-Rippin,generate transparent vortals
Gislason-Heidenreich,brand viral experiences
"Erdman, Denesik and Funk",transition extensible ROI
Beahan-Kessler,synthesize open-source e-tailers
"Mayert, Rippin and Schneider",optimize sticky supply-chains
"Grant, Towne and Dietrich",drive global models
"Rempel, Batz and Towne",embrace dot-com e-business
Goodwin LLC,disintermediate cross-platform paradigms
Goyette-Crooks,productize transparent bandwidth
Zemlak LLC,streamline transparent networks
"Schoen, Monahan and Lowe",deliver one-to-one users
"Schumm, Aufderhar and Thiel",redefine intuitive vortals
Wisozk Group,seize intuitive portals
"Leannon, Smith and Swaniawski",scale web-enabled metrics
Anderson-Beahan,strategize compelling supply-chains
Hintz Group,recontextualize web-enabled ROI
"Ward, Farrell and Schroeder",seize rich platforms
Miller LLC,benchmark front-end mindshare
Leannon-Osinski,disintermediate clicks-and-mortar partnerships
Ondricka-Schamberger,maximize interactive e-commerce
Kessler-Towne,deliver integrated e-business
Gaylord-Osinski,iterate end-to-end ROI
"Kessler, Cole and Heathcote",empower interactive initiatives
Bartoletti and Sons,utilize user-centric technologies
"Labadie, Smith and O'Conner",revolutionize compelling platforms
"Stamm, Feil and Corkery",implement extensible models
"Quitzon, Corkery and Zboncak",harness best-of-breed systems
Adams-Keeling,transition bricks-and-clicks partnerships
"Reichel, Gorczany and Ritchie",scale viral niches
Mueller-Haag,whiteboard killer supply-chains
Ritchie-Johnson,redefine customized e-services
"Hickle, Bauch and Wisozk",facilitate next-generation interfaces
Wiegand LLC,unleash intuitive e-services
Connelly Group,recontextualize clicks-and-mortar paradigms
"Padberg, Miller and West",synthesize efficient web-readiness
"Heathcote, Quigley and Bahringer",enhance back-end convergence
Waters and Sons,transform proactive web services
Herman LLC,unleash proactive synergies
Stokes Group,revolutionize interactive channels
Windler-Barton,extend enterprise metrics
Kris-Labadie,reinvent seamless channels
Glover-Hessel,synthesize next-generation users
Luettgen and Sons,enable efficient e-services
"Emmerich, Balistreri and Runolfsson",whiteboard compelling convergence
"Mertz, Conn and Klocko",enable user-centric architectures
Krajcik-Jones,grow viral relationships
Marks-Schumm,reinvent synergistic e-business
"Farrell, Stehr and Stracke",engineer seamless platforms
Flatley-Pfeffer,matrix extensible communities
Gerhold-D'Amore,unleash wireless markets
Macejkovic-Treutel,repurpose real-time mindshare
"Beer, Fadel and Connelly",drive mission-critical infomediaries
Satterfield Group,syndicate efficient eyeballs
Johnston LLC,engineer virtual partnerships
Metz Group,mesh integrated ROI
Strosin-Johns,brand proactive partnerships
"Armstrong, Schaefer and Smith",deliver robust applications
Hilll Group,generate visionary convergence
Koepp-Konopelski,evolve B2B e-tailers
Kassulke LLC,utilize impactful vortals
Kessler-Medhurst,aggregate wireless users
"Dooley, Feest and Morissette",seize 24/7 content
Torphy-Ullrich,disintermediate revolutionary systems
Ondricka-Denesik,repurpose rich convergence
"Ward, Stracke and Leuschke",matrix frictionless e-services
Herman Inc,synthesize scalable functionalities
"D'Amore, Deckow and Cummerata",benchmark killer partnerships
"Deckow, Heller and Beatty",incubate e-business convergence
"Champlin, Emmerich and Muller",harness real-time systems
"Rippin, Marvin and McCullough",incubate cutting-edge partnerships
"Leannon, Cummings and Ernser",repurpose out-of-the-box methodologies
Sauer LLC,benchmark extensible methodologies
"Mills, Hauck and Simonis",visualize revolutionary channels
Heathcote-Quigley,synthesize cross-media interfaces
Brakus-Heidenreich,disintermediate rich solutions
Graham Inc,brand proactive technologies
"Herman, Gerhold and Watsica",matrix granular channels
"Keeling, Marks and Schmidt",repurpose frictionless e-services
Frami and Sons,transition bricks-and-clicks e-services
Goyette-Collins,repurpose collaborative vortals
"Gleason, Cummings and Jerde",engineer distributed channels
Tremblay Group,incubate magnetic schemas
Lesch Inc,leverage enterprise users
"Howe, Okuneva and McLaughlin",unleash proactive convergence
Terry-Mayer,iterate bleeding-edge platforms
Steuber Group,orchestrate collaborative convergence
"Nader, Blick and Kub",expedite rich convergence
Kuhn LLC,evolve viral vortals
Goodwin LLC,seize frictionless applications
Rohan-Lubowitz,implement frictionless technologies
Mosciski-Ward,engineer customized communities
"Lemke, Jenkins and Sawayn",brand back-end infomediaries
Beer Group,redefine rich supply-chains
"Ankunding, Wisoky and Schiller",implement dynamic functionalities
Jast Group,deploy best-of-breed systems
Bauch and Sons,optimize end-to-end interfaces
Torphy-Hudson,incubate dynamic synergies
"Wisozk, Hand and Kub",orchestrate 24/7 networks
"Bernhard, Jacobs and Wiza",visualize global infrastructures
Powlowski LLC,whiteboard mission-critical bandwidth
"Bruen, Smitham and Labadie",implement vertical e-services
Fahey-Stroman,engage wireless e-commerce
Bergnaum-Kuhn,extend scalable eyeballs
Rolfson-Heaney,extend e-business e-business
"Haley, Bednar and Goyette",syndicate collaborative architectures
Wyman and Sons,deliver B2C platforms
Reichel Inc,transform user-centric markets
Torphy-Bednar,maximize next-generation niches
Johnston Group,benchmark sexy experiences
Stark-Effertz,harness compelling paradigms
Bogisich Inc,cultivate visionary portals
Corwin Inc,evolve robust e-commerce
Nikolaus Group,target ubiquitous schemas
Kovacek-McClure,unleash dot-com methodologies
"Mayer, Hudson and Champlin",syndicate sticky eyeballs
"Raynor, Jakubowski and Ferry",generate real-time models
Lowe and Sons,engage 24/7 supply-chains
"Blanda, Bechtelar and Shields",utilize 24/7 partnerships
Flatley Inc,exploit sticky eyeballs
"Frami, Raynor and Brakus",grow one-to-one e-tailers
Smith Group,target killer applications
"Champlin, Hackett and Gislason",harness holistic e-commerce
"Hahn, O'Kon and Ryan",innovate one-to-one e-business
Hahn Group,leverage open-source models
"Labadie, Adams and Swift",evolve sticky e-commerce
Kuphal Inc,expedite transparent applications
Leuschke and Sons,unleash next-generation models
Wilkinson Group,synergize world-class mindshare
"Glover, Stokes and Baumbach",expedite end-to-end models
Rodriguez Group,monetize holistic web-readiness
Reichert-Jaskolski,redefine sexy infomediaries
Bahringer-Stiedemann,unleash visionary users
Beatty-Howe,drive bricks-and-clicks mindshare
"Casper, Collier and Bahringer",facilitate back-end eyeballs
Turcotte Inc,incentivize rich web services
O'Kon LLC,transition synergistic e-tailers
"Walker, Ferry and McGlynn",e-enable innovative experiences
Kiehn-Corwin,incubate rich partnerships
Nader-Lindgren,productize virtual partnerships
Oberbrunner-Wintheiser,implement rich bandwidth
Pacocha-Reilly,harness granular e-tailers
Harber-Schamberger,cultivate efficient infomediaries
"Armstrong, Goldner and Williamson",incubate dot-com content
Bernier-Kub,repurpose one-to-one functionalities
"McClure, Crona and Corwin",evolve robust experiences
Macejkovic-Schinner,revolutionize scalable technologies
Leannon-Stroman,integrate strategic content
Stanton and Sons,empower intuitive users
Quitzon-Okuneva,unleash collaborative niches
Mayer Group,reinvent wireless architectures
Jaskolski-Carter,orchestrate frictionless web services
Collins and Sons,leverage leading-edge functionalities
Bernier-Weber,transform integrated models
Durgan-Hayes,integrate collaborative networks
"Pfeffer, Berge and Gulgowski",unleash interactive interfaces
"O'Reilly, Hane and Davis",innovate robust e-tailers
Reilly and Sons,leverage front-end experiences
Buckridge and Sons,revolutionize synergistic content
West-Hintz,redefine transparent applications
Wiegand-Wolff,visualize innovative mindshare
"Kessler, Kreiger and Baumbach",synergize clicks-and-mortar vortals
"Franecki, Keebler and Volkman",disintermediate sticky users
Kuvalis Inc,empower e-business ROI
Schneider-O'Reilly,embrace strategic eyeballs
Kirlin LLC,reinvent distributed interfaces
"Botsford, Kessler and Pouros",incubate world-class functionalities
Schimmel LLC,cultivate integrated e-tailers
D'Amore and Sons,enhance distributed models
Turner Inc,transition virtual partnerships
"Hoppe, Kerluke and Rohan",deploy distributed deliverables
"Morissette, Reichel and Paucek",matrix revolutionary infrastructures
"Herzog, Goodwin and Heller",innovate dynamic web-readiness
Hamill-McLaughlin,orchestrate dot-com users
"Harvey, Rempel and Oberbrunner",harness customized convergence
Mohr-Gutmann,expedite value-added interfaces
Murphy-Willms,incubate best-of-breed metrics
Schowalter-Emmerich,extend mission-critical portals
Lynch-Dickens,facilitate efficient eyeballs
"Ruecker, Little and Schaden",benchmark killer synergies
Deckow-Dicki,monetize virtual bandwidth
"Bruen, Hessel and Ankunding",transform strategic technologies
Gleason Inc,aggregate synergistic vortals
Abbott Inc,e-enable world-class supply-chains
Huel-Fay,synthesize B2C markets
Howell Group,engage sticky communities
Cassin-Heathcote,grow best-of-breed bandwidth
Friesen and Sons,monetize viral paradigms
"Anderson, Mitchell and Mayert",architect interactive niches
Daniel-Will,aggregate plug-and-play e-commerce
"Durgan, Willms and Schowalter",seize cross-platform initiatives
"Mante, Toy and Marks",whiteboard best-of-breed synergies
"Davis, Hackett and Treutel",deploy world-class infrastructures
Rodriguez LLC,leverage B2C content
Pagac-Baumbach,morph frictionless models
"Pagac, Witting and Kuhic",benchmark rich web services
"Kuhlman, Grimes and Lynch",revolutionize best-of-breed users
Cummerata Group,enhance compelling e-markets
Shanahan Inc,engineer bricks-and-clicks content
Marks-Hansen,enhance leading-edge networks
"Jacobson, Lowe and Bins",e-enable one-to-one action-items
"Cormier, Nienow and Oberbrunner",revolutionize user-centric solutions
Frami Inc,extend compelling channels
Price Inc,strategize bleeding-edge convergence
Hegmann Group,streamline web-enabled relationships
"Thiel, Ruecker and Sanford",incubate 24/7 convergence
Lubowitz-Mosciski,transform transparent web services
Larkin-King,streamline killer initiatives
Swift-Waelchi,architect plug-and-play content
Johns-Gottlieb,recontextualize sexy users
Schulist-Abbott,enable out-of-the-box interfaces
Gutkowski Inc,transition front-end deliverables
Schulist-Stamm,seize collaborative systems
Keebler-Block,harness world-class paradigms
Cummerata Group,innovate end-to-end e-services
Walsh-Douglas,envisioneer enterprise partnerships
Howe LLC,envisioneer enterprise web services
Fritsch-Walsh,strategize front-end deliverables
"Schmitt, Kessler and VonRueden",enhance best-of-breed supply-chains
"Stracke, Kihn and Kub",synthesize end-to-end web services
"Ledner, Romaguera and Skiles",utilize out-of-the-box methodologies
Schroeder Group,iterate world-class portals
Howell Inc,orchestrate turn-key synergies
"Murray, Weber and Johns",unleash global architectures
"Waelchi, Ratke and Bednar",enhance leading-edge vortals
Pollich and Sons,reinvent innovative functionalities
Renner-Brakus,unleash seamless vortals
"Adams, Little and Graham",extend revolutionary mindshare
Swift-McClure,brand value-added functionalities
Rosenbaum-Dibbert,aggregate ubiquitous platforms
Tillman-Quigley,strategize back-end partnerships
"Grady, Gottlieb and Wilderman",incentivize distributed vortals
Cummings and Sons,reinvent dot-com deliverables
Lowe-Feil,enhance sticky solutions
Dooley and Sons,enable end-to-end functionalities
Homenick Group,revolutionize extensible e-business
"Streich, Johnston and Dicki",brand scalable supply-chains
McGlynn-Koelpin,deliver extensible markets
"Runte, Robel and Kub",syndicate vertical portals
Baumbach LLC,unleash sexy portals
Medhurst-Greenfelder,revolutionize one-to-one mindshare
"Pfeffer, Kling and Hand",target sticky experiences
"Welch, Turcotte and Hilll",exploit wireless relationships
"Pacocha, Krajcik and Reichert",optimize integrated deliverables
Corkery Inc,leverage leading-edge architectures
"Romaguera, Ebert and Considine",maximize seamless infomediaries
Swaniawski-Thiel,evolve wireless eyeballs
"McDermott, Krajcik and Brekke",redefine cutting-edge relationships
Bogisich-Kuhn,transform out-of-the-box initiatives
Anderson and Sons,leverage magnetic e-commerce
Rodriguez-Beahan,target cutting-edge content
"Haag, Hammes and Schoen",reinvent extensible infrastructures
"Kub, Schroeder and Kassulke",orchestrate B2B deliverables
Brakus-Crona,exploit world-class infrastructures
"Powlowski, Quigley and Turcotte",matrix customized channels
Hoeger LLC,evolve global metrics
"Reynolds, Schimmel and Kihn",e-enable integrated e-business
"Hagenes, Runte and Ullrich",embrace enterprise platforms
"Macejkovic, Bednar and Kassulke",orchestrate visionary bandwidth
O'Keefe-Treutel,expedite leading-edge solutions
Koepp LLC,synergize ubiquitous e-business
Adams-Weissnat,scale impactful content
"Considine, Brown and Koepp",strategize global e-business
Nolan-Lynch,unleash strategic e-markets
Beer-Heathcote,facilitate 24/365 bandwidth
"Lubowitz, Murray and Emmerich",revolutionize scalable technologies
Greenfelder Group,engineer dot-com content
Dare Group,integrate front-end infomediaries
"Torphy, Heller and Schamberger",benchmark revolutionary ROI
Tremblay-Collins,expedite out-of-the-box platforms
Abshire Group,cultivate user-centric e-commerce
Anderson Inc,maximize killer vortals
Bergnaum-Hettinger,brand cutting-edge synergies
"Reynolds, Blanda and Ullrich",utilize viral synergies
Bruen-Funk,facilitate leading-edge communities
"Aufderhar, Altenwerth and Stehr",exploit world-class e-services
"Gaylord, Hoeger and Monahan",revolutionize value-added systems
"Fadel, Zboncak and Nolan",revolutionize distributed synergies
Murphy-Heaney,leverage synergistic ROI
Leuschke-Douglas,engage visionary ROI
Fisher and Sons,incubate seamless e-tailers
Pfeffer LLC,utilize open-source partnerships
"Hoppe, Mohr and Fritsch",visualize compelling schemas
"Bergstrom, O'Kon and Altenwerth",recontextualize global vortals
"Kris, Rohan and Satterfield",engineer dot-com e-services
"Bailey, Herman and Jacobi",empower sexy paradigms
Cummerata Inc,matrix out-of-the-box systems
Skiles-Toy,visualize cutting-edge web-readiness
"Quitzon, McKenzie and Cummings",strategize end-to-end e-tailers
Cole-Ferry,iterate ubiquitous architectures
"Harvey, Langosh and Morar",whiteboard dot-com technologies
Paucek LLC,synthesize dot-com web services
Hilpert Group,leverage intuitive e-services
"Hackett, Johns and Kassulke",incentivize back-end e-markets
Batz-Bradtke,synergize enterprise platforms
Kub and Sons,embrace back-end e-tailers
Towne-Kilback,orchestrate vertical web-readiness
Spencer LLC,synthesize bleeding-edge e-services
Powlowski and Sons,innovate user-centric infrastructures
Batz-Ondricka,streamline 24/365 users
"Little, Veum and Kshlerin",leverage robust partnerships
"Koepp, Boehm and Mohr",optimize 24/365 web services
Jaskolski-Schulist,evolve out-of-the-box technologies
"Flatley, Fahey and Abshire",architect viral models
Sipes and Sons,drive viral markets
"Breitenberg, Hickle and Brown",e-enable sexy e-commerce
Leuschke and Sons,engineer transparent vortals
"Schmeler, Hermiston and Farrell",engineer B2B infomediaries
Lockman Inc,drive front-end solutions
Spencer and Sons,maximize revolutionary experiences
Goyette-Rogahn,productize vertical infomediaries
Fay-Lindgren,innovate open-source ROI
Goodwin Group,generate distributed e-markets
"Hintz, Bartell and Jacobson",aggregate transparent functionalities
Rippin-Leffler,incubate efficient markets
"Schinner, Wunsch and Rodriguez",expedite holistic methodologies
Oberbrunner LLC,implement dot-com niches
"Olson, Spencer and Klocko",unleash bricks-and-clicks interfaces
Cruickshank-Flatley,e-enable mission-critical content
"Berge, Pfannerstill and Anderson",engineer strategic e-commerce
"Hodkiewicz, Brekke and Davis",embrace leading-edge e-services
"Gerhold, Raynor and Weber",extend bricks-and-clicks models
Steuber Inc,deliver frictionless networks
Becker-Ortiz,synergize scalable communities
"Kuhlman, Mueller and Schinner",deliver bleeding-edge systems
"Runte, McDermott and Schmitt",embrace extensible systems
Kessler and Sons,leverage open-source communities
"Bailey, Huels and Medhurst",utilize clicks-and-mortar action-items
Berge LLC,recontextualize intuitive users
"Kemmer, Frami and Skiles",innovate enterprise functionalities
"Paucek, Crooks and Adams",integrate world-class users
Sawayn Group,synergize plug-and-play experiences
Kuhlman-Anderson,iterate intuitive systems
"Kris, Miller and Conroy",drive next-generation e-services
Williamson-Beatty,redefine plug-and-play niches
Leffler-O'Conner,brand dot-com initiatives
Turcotte-Hammes,recontextualize granular platforms
Schroeder-Mertz,productize transparent users
"Robel, Hane and McDermott",strategize open-source channels
Schmeler-Schiller,unleash cross-platform metrics
Koelpin-Rowe,reintermediate value-added metrics
"Stoltenberg, Pollich and Harvey",repurpose customized metrics
Little-Schneider,enhance user-centric experiences
Huel-Heathcote,redefine enterprise interfaces
Gottlieb-Gleason,enable out-of-the-box infomediaries
Swaniawski-Prohaska,mesh world-class systems
Haag-Schmeler,utilize 24/365 architectures
"Muller, Stiedemann and Grant",brand real-time eyeballs
Mayer and Sons,incentivize scalable schemas
Bauch-Langosh,aggregate out-of-the-box supply-chains
"Emard, Bashirian and Crona",mesh customized schemas
DuBuque-Ebert,implement value-added paradigms
Fritsch Inc,optimize impactful deliverables
"Kovacek, Greenfelder and Price",productize turn-key methodologies
"Schulist, Christiansen and Schneider",mesh intuitive partnerships
Becker-Mertz,maximize next-generation architectures
Mueller LLC,strategize value-added architectures
Lind LLC,reinvent holistic deliverables
DuBuque Inc,seize world-class networks
Bailey Inc,scale virtual bandwidth
Will LLC,iterate back-end networks
Sauer and Sons,facilitate efficient e-markets
Steuber Inc,target distributed deliverables
"Cartwright, Rutherford and McCullough",productize real-time portals
Spinka Group,reintermediate killer web-readiness
Witting-Spinka,target plug-and-play solutions
"Yundt, Rutherford and Kiehn",repurpose enterprise markets
"Baumbach, Buckridge and Lindgren",recontextualize global networks
Grady and Sons,architect virtual action-items
"McCullough, Braun and White",whiteboard viral infrastructures
"Nicolas, Christiansen and McDermott",generate distributed supply-chains
Bauch LLC,enable dynamic synergies
Torp Inc,syndicate wireless deliverables
Zemlak Group,expedite sexy e-markets
Walter Group,recontextualize bleeding-edge infrastructures
"Roberts, Gislason and Ryan",enhance efficient communities
"Weber, Legros and Kulas",enhance seamless e-markets
Kessler and Sons,orchestrate e-business e-business
"Watsica, Stroman and Dietrich",embrace robust infrastructures
Bartell-Franecki,syndicate interactive web-readiness
Casper-Kub,evolve proactive niches
Borer Inc,exploit enterprise supply-chains
O'Conner-Baumbach,orchestrate distributed vortals
"Blanda, Orn and Schuster",evolve holistic markets
Boyle-Mante,empower granular e-business
"Ziemann, Vandervort and Schmitt",evolve 24/365 e-commerce
Howe LLC,revolutionize front-end applications
"Koch, Feeney and Macejkovic",maximize sexy portals
"Witting, Parker and Krajcik",aggregate cross-platform solutions
Hermiston-Mayer,reinvent revolutionary channels
Fay LLC,transform killer applications
Quigley-Friesen,integrate leading-edge markets
"Reichert, Torphy and Bergnaum",syndicate magnetic architectures
Deckow and Sons,visualize 24/7 methodologies
Blick-Bosco,optimize 24/7 e-tailers
"Feeney, Watsica and Huel",reinvent next-generation architectures
Davis LLC,benchmark B2B convergence
Mills-Upton,extend virtual experiences
"Lowe, Weissnat and Douglas",harness cutting-edge content
"Kshlerin, Feeney and Wolff",target wireless e-markets
"Kautzer, Deckow and Murray",facilitate transparent channels
Beahan Group,revolutionize revolutionary platforms
"Ziemann, Ankunding and Fay",maximize impactful solutions
Hoeger-Reichert,incubate leading-edge applications
Gerlach and Sons,visualize sexy functionalities
"Kuphal, Pfeffer and Cole",transform open-source ROI
"Goyette, Hintz and Johnston",reinvent B2B architectures
Kohler and Sons,synthesize cross-media web services
"Zulauf, Mante and Dach",recontextualize end-to-end synergies
Mohr-Schuster,visualize visionary e-tailers
Morar-Wilderman,deploy viral markets
Rolfson LLC,incentivize frictionless experiences
"Batz, Sanford and Hane",seize dot-com e-tailers
Oberbrunner-Koelpin,morph one-to-one content
Strosin-Brakus,mesh synergistic metrics
Yost-Schaden,redefine bricks-and-clicks markets
Crona-Morissette,monetize turn-key channels
Simonis LLC,seize efficient e-commerce
"Beier, Cremin and Macejkovic",revolutionize bricks-and-clicks vortals
Mueller LLC,deliver vertical users
"Fadel, Kuhic and Mitchell",revolutionize dynamic web services
Luettgen-McLaughlin,repurpose B2C e-commerce
Ruecker-Mills,iterate intuitive e-tailers
Dietrich-Cummings,innovate distributed supply-chains
Gerhold-Keebler,unleash enterprise content
"Baumbach, Wisoky and Braun",visualize end-to-end ROI
Wiza-Von,matrix back-end infomediaries
Heller-Wolff,monetize innovative partnerships
"Rosenbaum, Funk and Kautzer",deliver global communities
"Streich, Littel and Prohaska",cultivate open-source e-markets
Simonis LLC,benchmark cutting-edge synergies
Mueller Group,syndicate one-to-one architectures
"Armstrong, Auer and Tillman",maximize dynamic portals
Boyer and Sons,synergize robust niches
Cummings Group,grow clicks-and-mortar infrastructures
Mante-Smitham,enable strategic ROI
Kutch Group,aggregate efficient metrics
Ortiz Group,architect next-generation bandwidth
"Reinger, Dooley and Farrell",seize e-business portals
Bartell-Hessel,drive collaborative solutions
Cummings-White,matrix value-added relationships
Brown-West,synthesize distributed architectures
"Torphy, Turcotte and Champlin",incubate cross-media e-business
"Blanda, Wintheiser and Ortiz",integrate web-enabled e-business
Durgan-Rogahn,strategize holistic e-services
Fritsch LLC,utilize efficient platforms
Stoltenberg Inc,monetize cross-platform paradigms
Hirthe Group,scale sticky systems
Zieme-Will,optimize real-time metrics
Stokes Group,redefine cross-media convergence
Wunsch-Zboncak,recontextualize bricks-and-clicks schemas
Zulauf Inc,generate distributed mindshare
Thompson LLC,facilitate extensible mindshare
Hickle Inc,empower value-added e-tailers
"Goyette, Morissette and Hane",cultivate killer web-readiness
"Kulas, Vandervort and Considine",benchmark collaborative e-commerce
"Bradtke, Fisher and Collier",disintermediate e-business users
Streich LLC,morph virtual convergence
Kilback-Boehm,utilize e-business systems
Treutel Inc,synthesize plug-and-play experiences
Collins-Runolfsdottir,enable next-generation action-items
"Gutmann, Hansen and Reilly",reinvent revolutionary e-commerce
Wolf Inc,benchmark 24/7 synergies
"Gaylord, Douglas and Leffler",repurpose granular systems
"Reynolds, Lubowitz and Kozey",deliver B2C systems
McCullough Inc,enhance back-end e-markets
"Leannon, Bode and Zulauf",monetize 24/7 synergies
Powlowski-Kling,e-enable visionary paradigms
"Jones, Sanford and Rippin",repurpose mission-critical e-business
Pagac-Kihn,deploy impactful eyeballs
McDermott-Luettgen,redefine scalable supply-chains
Conroy LLC,engage killer e-services
"Boehm, Predovic and Walter",repurpose sexy communities
"Nicolas, Hand and Pacocha",revolutionize bricks-and-clicks e-business
Shanahan-Cummerata,transform next-generation schemas
"Hilll, Pagac and Johnson",leverage compelling experiences
"Mertz, Hagenes and Aufderhar",seize next-generation web services
"Turcotte, Huels and Schaefer",generate granular methodologies
"Auer, Dach and Marvin",grow ubiquitous content
Monahan-Harber,benchmark holistic paradigms
Swaniawski-Ferry,iterate dynamic eyeballs
Pfeffer-Cronin,utilize 24/7 niches
"Pouros, Williamson and Bednar",syndicate ubiquitous architectures
Beier-Mayer,transform intuitive web-readiness
"DuBuque, Nienow and Smith",facilitate next-generation niches
"McDermott, Stanton and O'Hara",scale cross-media web-readiness
"Medhurst, Howe and Conn",scale transparent mindshare
White-Homenick,recontextualize revolutionary initiatives
Marks Group,recontextualize sexy convergence
Adams Inc,aggregate back-end e-commerce
"Runte, VonRueden and King",drive dynamic e-tailers
Green-Schmidt,repurpose open-source partnerships
"Howe, Fay and Brakus",brand interactive experiences
"Braun, Rempel and Cormier",expedite customized deliverables
Corwin-Heller,unleash vertical systems
Thiel LLC,visualize dot-com experiences
Price-Berge,evolve transparent supply-chains
Kovacek and Sons,iterate viral infrastructures
"Runte, Turcotte and Flatley",iterate robust bandwidth
"Rosenbaum, Hoppe and Koss",innovate bricks-and-clicks experiences
"Medhurst, Nolan and Blanda",expedite customized e-tailers
Heidenreich LLC,revolutionize back-end users
Stokes-Boyle,productize sexy solutions
King-Huel,morph mission-critical bandwidth
Hartmann Inc,engineer intuitive e-services
Schaden-Stehr,aggregate cutting-edge models
Green-Hirthe,engage turn-key partnerships
Bradtke and Sons,morph scalable e-business
"Gerhold, Frami and Jaskolski",architect killer solutions
Waters-Ratke,grow compelling solutions
Mitchell and Sons,engage web-enabled networks
Cassin LLC,revolutionize dot-com web services
Bogan and Sons,revolutionize B2C infomediaries
Kuhlman-VonRueden,enable vertical partnerships
Jones and Sons,transition global partnerships
"Abshire, Hansen and Hyatt",streamline visionary web-readiness
"Bode, Stroman and Koelpin",transition one-to-one e-tailers
Steuber Group,reinvent impactful ROI
Hane-Howell,transform out-of-the-box systems
Schimmel-Feil,optimize transparent architectures
Anderson Group,reintermediate dynamic web-readiness
"Stark, Tremblay and Strosin",recontextualize dot-com e-commerce
"Nitzsche, Huels and O'Keefe",e-enable end-to-end communities
"Blanda, Weissnat and Langworth",exploit 24/365 niches
"Lindgren, Schmeler and Bogan",whiteboard rich e-markets
Koss-Zulauf,syndicate secret paradigms
"Mayer, McClure and Witting",enhance visionary web services
Bernier-Kihn,secretly synthesize back-end bandwidth
Yundt-Marvin,monetize interactive experiences
"Runte, Jones and Zulauf",e-enable magnetic content
Bosco-Watsica,brand web-enabled technologies
"Zulauf, Kuvalis and Hayes",cultivate end-to-end infrastructures
"Baumbach, Bechtelar and Turcotte",deliver global ROI
Gleichner Group,leverage bricks-and-clicks synergies
Huel-Brown,aggregate efficient systems
Ortiz-Gusikowski,cultivate value-added e-commerce
"Toy, Daniel and Abshire",benchmark customized platforms
"Rau, Williamson and Klein",recontextualize proactive niches
"Jast, Altenwerth and Spinka",disintermediate sexy technologies
Hilll-Bergnaum,redefine dynamic experiences
Schulist-Ondricka,benchmark seamless supply-chains
Vandervort-Corwin,reinvent back-end web services
"Gleason, Parker and Cronin",recontextualize mission-critical ROI
Johnson-Conn,optimize impactful architectures
"Parisian, Hackett and Hand",brand bricks-and-clicks e-services
"Zulauf, Stroman and Gorczany",orchestrate compelling channels
"Larkin, Cronin and Fritsch",orchestrate B2C relationships
Schamberger Group,orchestrate out-of-the-box convergence
"Hand, Greenholt and Reichert",integrate rich niches
"Orn, Mraz and Dare",iterate interactive paradigms
Marquardt Group,optimize wireless users
Little-McCullough,benchmark dynamic e-business
Keeling-Marquardt,redefine revolutionary systems
Hirthe-Tremblay,innovate clicks-and-mortar convergence
Pagac-Mante,benchmark dynamic solutions
Kulas-Blanda,generate vertical deliverables
"Gusikowski, Lehner and Carroll",whiteboard sexy channels
"Russel, Rice and Sporer",grow next-generation deliverables
Ondricka Inc,iterate cutting-edge markets
Lynch Group,enable vertical vortals
Williamson Inc,envisioneer synergistic partnerships
"Yundt, Franecki and Gerhold",matrix bleeding-edge metrics
Stanton Group,engage viral partnerships
Bednar LLC,e-enable open-source e-services
Schmidt Inc,harness frictionless paradigms
Feil Inc,seize virtual synergies
Lesch LLC,architect transparent functionalities
"Kub, Rosenbaum and Moore",revolutionize clicks-and-mortar mindshare
MacGyver LLC,seize visionary experiences
Dietrich Inc,transform impactful experiences
Armstrong-Hilll,orchestrate next-generation channels
Lebsack-Denesik,expedite cutting-edge supply-chains
Wilkinson-Robel,engineer user-centric niches
"Dooley, Treutel and Emmerich",optimize dynamic applications
Kirlin-Kuhlman,leverage global models
"Hamill, Johnston and Wolf",architect value-added relationships
"Auer, Trantow and Bayer",cultivate magnetic convergence
O'Kon-Prosacco,streamline customized infrastructures
"Lubowitz, Kautzer and Rolfson",redefine sticky platforms
Homenick-Shields,deploy holistic niches
Bruen LLC,deploy customized solutions
"Fadel, Fisher and Jakubowski",benchmark next-generation convergence
"Christiansen, Friesen and Lesch",streamline extensible ROI
Von-Brakus,harness collaborative relationships
"Zboncak, Senger and Konopelski",incubate best-of-breed models
Hirthe Group,expedite wireless infrastructures
Waters-Feeney,envisioneer compelling e-services
"McGlynn, Kemmer and Borer",grow one-to-one web-readiness
"Bode, Murray and Kertzmann",envisioneer cross-platform partnerships
Pfeffer-King,engineer end-to-end experiences
"Bayer, Bode and Cole",deploy granular paradigms
Cummerata-Windler,engage magnetic relationships
"Bauch, Yundt and Tromp",cultivate transparent e-business
Johns LLC,scale plug-and-play content
Welch-Abernathy,grow real-time metrics
"Adams, Leuschke and Strosin",generate global web services
Emmerich Inc,syndicate efficient e-markets
D'Amore-Fahey,seize distributed e-services
Reinger-Bins,enhance out-of-the-box technologies
Wehner Inc,reinvent enterprise schemas
Ryan-Witting,monetize visionary markets
Block-Collins,cultivate sexy communities
Dicki LLC,redefine bleeding-edge initiatives
Denesik-Dietrich,monetize compelling metrics
Jones and Sons,morph web-enabled vortals
"Upton, Schmeler and Schamberger",reinvent web-enabled markets
Emard and Sons,utilize sexy architectures
"Smith, Klocko and McGlynn",envisioneer dynamic solutions
Grimes LLC,generate back-end portals
Erdman LLC,incentivize world-class infomediaries
Kautzer-Hayes,recontextualize collaborative markets
Shields-Tremblay,streamline extensible interfaces
Dach-Reichert,incentivize out-of-the-box metrics
"Reichert, Metz and Fay",enable bricks-and-clicks vortals
"Cassin, Senger and Bailey",generate virtual portals
Walsh-Williamson,empower B2C solutions
Cronin LLC,reinvent e-business initiatives
"O'Hara, Brekke and Smith",recontextualize enterprise portals
Volkman-Mayer,recontextualize transparent interfaces
Weber-Hilpert,optimize holistic communities
Waelchi-Zulauf,morph one-to-one architectures
Schimmel Group,transform compelling technologies
"Lubowitz, Beahan and White",strategize cross-media bandwidth
"Olson, Gutkowski and Schamberger",innovate 24/365 e-services
Keeling Inc,aggregate interactive experiences
"Labadie, Doyle and Lubowitz",implement killer web-readiness
"Graham, Mitchell and Schmeler",maximize front-end eyeballs
Kerluke-Schneider,deploy dynamic convergence
Boyle Inc,mesh enterprise infomediaries
Hettinger-Effertz,incubate turn-key experiences
Boyer LLC,mesh one-to-one web-readiness
"Bernhard, Predovic and Blanda",e-enable holistic niches
Koch Inc,optimize back-end ROI
"Beer, Schuppe and Haley",seize sexy models
"Senger, Thompson and Frami",incentivize cutting-edge channels
"Hermann, Jacobs and Schmeler",embrace granular synergies
Kozey and Sons,engineer distributed infomediaries
Waters-Graham,grow best-of-breed action-items
Fisher-Franecki,unleash dot-com partnerships
"Hettinger, Miller and Kerluke",recontextualize end-to-end content
Padberg-Feest,generate cross-media convergence
Walter LLC,empower distributed applications
Wintheiser and Sons,unleash compelling convergence
Nitzsche Inc,incentivize out-of-the-box bandwidth
Collins-Cummings,expedite e-business technologies
"Bailey, Crooks and Braun",recontextualize collaborative platforms
"Rau, Donnelly and Gottlieb",deploy impactful schemas
Streich-White,whiteboard robust solutions
"Klocko, Padberg and Macejkovic",exploit bleeding-edge web services
Schmeler-Connelly,target dynamic platforms
Daugherty-Thompson,optimize cross-media convergence
Kozey Inc,embrace front-end technologies
"Schoen, Hessel and Beatty",expedite integrated solutions
Auer-Oberbrunner,morph ubiquitous niches
Borer LLC,aggregate back-end supply-chains
Runte Inc,incubate visionary convergence
Schiller and Sons,strategize ubiquitous web-readiness
Feest Group,mesh rich content
"Oberbrunner, Crooks and Johnston",maximize visionary networks
"Gutkowski, Schamberger and Hartmann",empower innovative synergies
"Pagac, Smith and Miller",recontextualize interactive ROI
Towne Inc,transform vertical niches
"Kuhlman, Goldner and Abernathy",implement synergistic action-items
Collier-Ullrich,productize B2B networks
Turcotte Inc,streamline ubiquitous schemas
Durgan-Kuhic,enhance plug-and-play convergence
Carter-Mertz,exploit intuitive communities
Gaylord-Adams,mesh mission-critical solutions
"McDermott, Smith and Jacobson",streamline transparent e-markets
Zboncak and Sons,embrace leading-edge paradigms
Krajcik-Kerluke,deploy magnetic ROI
Crooks-Carroll,visualize mission-critical infrastructures
"Johnson, Will and Murray",transition efficient interfaces
Vandervort-Hettinger,reintermediate mission-critical relationships
"Okuneva, Ritchie and Blanda",deploy user-centric experiences
Okuneva-Stokes,implement one-to-one eyeballs
Bogan and Sons,aggregate bricks-and-clicks users
"Schneider, Heidenreich and Watsica",cultivate extensible e-tailers
Berge LLC,integrate wireless e-business
Purdy Inc,syndicate customized users
Funk-Langosh,matrix turn-key vortals
"Stanton, Waelchi and Schamberger",repurpose global methodologies
Rogahn-Daniel,reintermediate holistic vortals
Cormier-Borer,leverage distributed action-items
"O'Conner, Muller and Schaefer",transform cross-platform e-commerce
Stroman-Runte,synergize transparent action-items
Stiedemann Inc,implement user-centric relationships
Rodriguez-Johnston,transform frictionless paradigms
"Barrows, Breitenberg and Larkin",optimize granular solutions
Brakus-McKenzie,implement magnetic methodologies
Schuster Inc,generate robust applications
Donnelly-MacGyver,maximize cross-platform eyeballs
"Donnelly, Ryan and Kling",optimize web-enabled experiences
Batz Group,aggregate clicks-and-mortar partnerships
Abshire-Sporer,synergize granular systems
Carter-Rogahn,streamline turn-key infrastructures
Purdy and Sons,harness back-end convergence
Gleichner Group,maximize customized e-commerce
Denesik Group,expedite interactive architectures
Legros LLC,whiteboard innovative communities
Ward-Lueilwitz,engage sexy mindshare
Davis and Sons,enhance innovative e-tailers
"Farrell, Turner and Kassulke",exploit front-end e-markets
Ernser Inc,strategize end-to-end e-tailers
Lowe-Kuhn,incubate one-to-one portals
Gibson-Schulist,grow plug-and-play architectures
Kessler and Sons,recontextualize cutting-edge e-commerce
Runolfsson-Wolff,target front-end e-business
Murazik-Luettgen,transform holistic content
Kunze-Reilly,recontextualize granular relationships
"McLaughlin, Nikolaus and Kessler",deploy user-centric infomediaries
Emard LLC,incentivize granular functionalities
"Breitenberg, Zboncak and Schmeler",cultivate frictionless eyeballs
"Hessel, Kshlerin and Hessel",enhance B2B interfaces
Konopelski-Reichert,scale front-end mindshare
"Champlin, Prohaska and Sawayn",orchestrate compelling supply-chains
Morissette-Nitzsche,harness cross-media initiatives
Erdman-VonRueden,grow impactful technologies
Lehner Group,leverage best-of-breed e-markets
Hagenes Inc,aggregate frictionless deliverables
Keebler LLC,reintermediate B2B portals
Roberts-Steuber,synthesize distributed deliverables
"Ankunding, Jenkins and Weissnat",utilize leading-edge systems
Hegmann LLC,disintermediate interactive paradigms
"Keeling, Wilderman and Halvorson",strategize extensible schemas
Morissette-Torp,harness user-centric metrics
"Sawayn, Bogan and Fahey",drive rich channels
"Daniel, Orn and Sipes",exploit virtual synergies
"Lakin, Schamberger and Braun",embrace out-of-the-box partnerships
Herman LLC,redefine best-of-breed users
Towne-Jakubowski,utilize interactive web services
Watsica Inc,recontextualize turn-key action-items
Ullrich-Dickinson,scale scalable e-business
Hyatt-DuBuque,optimize B2C applications
Robel and Sons,synergize 24/7 experiences
"Kuhic, Ernser and White",enable distributed networks
Reilly Inc,transform end-to-end networks
"Heller, Runte and Conroy",repurpose leading-edge e-commerce
Huels-Wolf,cultivate distributed synergies
"McKenzie, Kunze and Stokes",leverage back-end action-items
Muller and Sons,orchestrate viral e-commerce
"Pagac, Murazik and Block",strategize cutting-edge action-items
Runte-Stoltenberg,mesh value-added synergies
Breitenberg-Hickle,engage real-time solutions
"Koepp, Marquardt and Gulgowski",innovate world-class networks
Fritsch Inc,incentivize frictionless infomediaries
Nienow and Sons,iterate cross-platform ROI
Kuhlman-Hickle,morph impactful interfaces
"Labadie, Kertzmann and Kutch",unleash B2C e-markets
"Watsica, Tromp and Kozey",embrace global deliverables
"Marquardt, Willms and Reichert",productize extensible functionalities
Lueilwitz-Bernier,facilitate bricks-and-clicks users
Prosacco Group,whiteboard back-end paradigms
"Toy, Kulas and Crona",repurpose world-class partnerships
"Vandervort, Borer and Rath",engage dot-com action-items
Parisian Inc,orchestrate proactive architectures
Deckow-Nicolas,disintermediate granular supply-chains
Carter-Barrows,seize end-to-end action-items
Harvey and Sons,architect value-added schemas
Upton and Sons,integrate dynamic web-readiness
"Kerluke, Tromp and Mayer",morph efficient content
"Walter, Dare and Watsica",syndicate cutting-edge supply-chains
"Homenick, Paucek and Kilback",utilize out-of-the-box initiatives
"Watsica, Nikolaus and Grimes",unleash open-source schemas
Deckow Inc,cultivate visionary applications
Bernier and Sons,deliver bleeding-edge synergies
"Hettinger, Wiegand and Kovacek",utilize mission-critical bandwidth
Hilpert Group,exploit collaborative convergence
Treutel-Runolfsson,generate granular e-tailers
"Douglas, Kirlin and Morissette",engineer back-end e-tailers
Howell-Koss,maximize frictionless functionalities
"Kutch, Hahn and Haag",unleash one-to-one infomediaries
"Fisher, Kovacek and McKenzie",syndicate front-end e-business
"Hirthe, Predovic and Jast",scale magnetic action-items
Okuneva-Mitchell,iterate web-enabled methodologies
Grady Inc,revolutionize distributed metrics
Zieme-Rau,generate dot-com portals
"Kilback, Lakin and Cummerata",exploit rich content
Okuneva Inc,harness granular eyeballs
Paucek Group,productize rich infomediaries
"Dibbert, Casper and Lind",optimize cross-media bandwidth
Sipes Group,revolutionize value-added experiences
"Ward, Koch and Hahn",matrix strategic e-commerce
Shanahan-Crona,envisioneer mission-critical systems
Schroeder LLC,deliver cross-platform e-services
"Lang, Miller and Effertz",matrix ubiquitous infrastructures
"Donnelly, Langworth and Rohan",orchestrate mission-critical ROI
Prohaska-Towne,target viral platforms
"Kemmer, Orn and Pollich",aggregate user-centric technologies
Huel-Hirthe,envisioneer B2B ROI
Buckridge and Sons,visualize e-business architectures
Hane-Toy,matrix synergistic metrics
Ward-Shields,embrace secret e-commerce
Feeney-Pollich,transform visionary eyeballs
"Spinka, Buckridge and Fisher",extend user-centric platforms
Treutel Inc,expedite value-added initiatives
"Toy, Lueilwitz and McCullough",innovate viral bandwidth
Hermann LLC,engineer ubiquitous supply-chains
Krajcik-Botsford,cultivate open-source deliverables
Padberg Inc,iterate collaborative e-tailers
"Haley, Blanda and Blanda",cultivate front-end schemas
"Purdy, Gottlieb and Gottlieb",cultivate holistic methodologies
Adams LLC,enable world-class networks
Leffler-Wolff,matrix value-added e-markets
"Stiedemann, Rohan and Larson",leverage efficient communities
O'Keefe-Marvin,deliver granular infomediaries
Rempel Group,syndicate cutting-edge communities
Little LLC,recontextualize e-business paradigms
Deckow Inc,evolve sticky supply-chains
Hodkiewicz LLC,seize ubiquitous action-items
Hartmann-Klein,expedite 24/7 architectures
Schultz Inc,whiteboard front-end convergence
"Jast, Quitzon and Kessler",reintermediate enterprise infrastructures
Schroeder-Romaguera,embrace strategic methodologies
Schuster Inc,deliver holistic architectures
Renner and Sons,implement interactive markets
Williamson Group,unleash secret action-items
"Grimes, Kutch and Harber",innovate transparent infrastructures
Stiedemann LLC,exploit frictionless applications
"Hahn, Murphy and Jacobson",monetize cross-media content
O'Connell-Blick,recontextualize seamless experiences
Kozey-Boyer,e-enable web-enabled content
Flatley-Green,drive turn-key e-commerce
Dicki-Braun,seize best-of-breed systems
Mosciski-Tillman,transition value-added markets
Ebert Inc,monetize intuitive channels
Kiehn Group,aggregate mission-critical technologies
Jakubowski-Wintheiser,harness compelling models
"Larkin, Weissnat and Graham",empower user-centric synergies
Conroy Group,recontextualize cross-platform systems
Schaden and Sons,streamline viral systems
Blanda-O'Reilly,extend front-end e-business
"Buckridge, Bogisich and Adams",implement cutting-edge experiences
Brekke-Gulgowski,integrate e-business initiatives
"Cartwright, Kerluke and West",visualize virtual partnerships
Lowe-Beahan,harness strategic channels
Christiansen Group,reinvent scalable bandwidth
Fay-Wunsch,synergize plug-and-play schemas
"Kemmer, Frami and Rodriguez",brand next-generation action-items
Pfeffer-West,optimize dot-com e-business
"Green, Stoltenberg and Lowe",productize synergistic solutions
Turcotte-Grant,syndicate clicks-and-mortar technologies
Dietrich Inc,reintermediate virtual e-markets
"Ortiz, Mayer and Pfeffer",enable cross-platform markets
Moen-O'Kon,brand revolutionary partnerships
Carroll Inc,facilitate value-added supply-chains
"Runolfsson, Fay and Mills",envisioneer impactful models
"Buckridge, Luettgen and Bode",optimize sexy partnerships
Wilkinson Group,engineer enterprise initiatives
"Nader, Schultz and Goyette",harness dynamic systems
Hamill LLC,envisioneer rich supply-chains
Pfannerstill-Kunde,monetize virtual methodologies
Wiegand-Romaguera,redefine world-class mindshare
Fay-Dickinson,syndicate world-class functionalities
Kris Group,aggregate collaborative web services
Kulas-Jerde,embrace next-generation experiences
"Morissette, Rice and Maggio",strategize cross-platform architectures
"Carroll, Bogan and Reynolds",synergize extensible architectures
"King, White and Nicolas",extend out-of-the-box architectures
"Hammes, Collier and Hackett",reinvent bleeding-edge solutions
"Bernier, Bailey and Deckow",revolutionize cross-media schemas
"Connelly, Hickle and Kihn",incubate efficient e-markets
Stroman Group,reintermediate collaborative relationships
Kris Group,revolutionize cutting-edge initiatives
Tromp and Sons,expedite visionary solutions
Greenholt-McClure,deliver B2C users
"Zieme, Senger and Barton",empower collaborative solutions
Ernser-Dickens,deploy e-business e-commerce
"Ondricka, Towne and Pfannerstill",incubate magnetic platforms
"Mueller, Littel and Lueilwitz",exploit global content
"Sauer, Stark and Ruecker",leverage bleeding-edge portals
